gonzaga,63.38,0.51,21.43,0.39,24.29,0.68,875,165,84,304,100,70
central-michigan,65.33,0.44,24.67,0.34,22.89,0.73,684,167,42,299,57.1,37.5
eastern-washington,65.82,0.47,27.41,0.34,18.82,0.67,659,141,62,266,60,55.6
duke,63.06,0.48,19.89,0.36,21.67,0.67,720,172,115,306,100,60
stephen-f-austin,59.94,0.5,16.72,0.35,24.39,0.68,668,191,53,407,57.1,50
alabama,64.06,0.44,29.41,0.36,23.24,0.72,704,108,75,245,100,60
citadel,65,0.45,30.12,0.35,18.94,0.7,651,129,41,261,100,35.7
dayton,58.89,0.52,23.44,0.37,18,0.72,637,121,67,274,100,75
wright-state,64.62,0.45,21.62,0.35,22.95,0.66,870,144,82,303,100,58.3
arizona,60,0.48,20.06,0.38,21.78,0.74,677,118,71,264,100,42.9
green-bay,64.65,0.46,22.1,0.38,18.55,0.74,706,153,54,304,14.3,70
florida-international,62.32,0.47,26.68,0.37,19.26,0.66,697,186,130,333,66.7,50
auburn,60.88,0.45,25.71,0.31,25.65,0.65,702,109,102,248,88.9,14.3
western-carolina,59.35,0.47,27.24,0.39,21.41,0.7,658,92,30,229,66.7,50
california-baptist,59.89,0.46,26.22,0.38,21.44,0.78,743,77,58,211,87.5,75
michigan-state,59.89,0.46,21.72,0.34,20.78,0.75,769,89,97,209,80,0
mcneese-state,56.5,0.51,21.56,0.42,19.06,0.71,628,131,82,272,60,70
iowa,61.61,0.46,22.94,0.36,20.89,0.74,698,120,65,237,83.3,50
penn-state,62.72,0.45,25.28,0.31,20,0.71,708,155,109,264,83.3,62.5
belmont,64.79,0.48,28.53,0.36,13.37,0.72,779,123,65,252,83.3,33.3
sam-houston-state,64.26,0.46,23.21,0.36,17.74,0.75,672,187,58,360,33.3,70
georgia,62.35,0.46,22.65,0.3,20.47,0.66,669,135,60,243,81.8,75
louisiana-state,60.71,0.48,20.88,0.32,19.59,0.76,683,111,80,225,45.5,66.7
new-mexico,56.9,0.49,18.6,0.33,24.45,0.72,731,159,63,296,80,33.3
coastal-carolina,61.95,0.45,22.35,0.36,21.8,0.69,830,168,66,299,45.5,50
santa-clara,57.95,0.47,21.6,0.35,20,0.76,696,136,81,308,80,70
buffalo,66.61,0.44,26,0.34,18.5,0.64,752,157,83,273,80,62.5
iowa-state,62.76,0.45,24.59,0.31,16.29,0.71,600,135,79,277,80,40
kent-state,62.44,0.46,25.44,0.36,16.83,0.73,660,131,79,264,80,33.3
houston-baptist,64.33,0.44,22.27,0.37,23.67,0.71,522,84,31,202,20,40
san-francisco,60.75,0.45,27.95,0.35,18.8,0.73,728,141,65,272,36.4,50
winthrop,64.56,0.46,27.56,0.35,21.83,0.62,740,123,40,279,77.8,28.6
kansas,57,0.5,18.59,0.36,19.76,0.66,659,139,76,239,77.8,50
utah-state,60.05,0.45,22.45,0.32,23.1,0.76,825,130,60,276,77.8,28.6
memphis,58.59,0.46,19.29,0.34,23.65,0.68,713,150,119,289,77.8,63.6
vanderbilt,55.94,0.45,25.06,0.35,22.94,0.67,567,121,69,245,77.8,60
western-kentucky,56.22,0.47,20.56,0.34,21.89,0.78,615,107,83,240,50,50
georgetown,61.32,0.46,17.89,0.36,21.53,0.76,755,120,87,271,75,57.1
long-island-university,61,0.45,29.5,0.34,19.67,0.71,623,130,66,257,66.7,54.5
michigan,61.41,0.48,24.35,0.36,14.59,0.72,604,95,82,204,75,30
georgia-state,63.05,0.45,22.8,0.4,18.7,0.71,740,179,89,349,66.7,70
illinois,59.67,0.46,18,0.31,21.11,0.72,739,91,57,234,75,33.3
oregon,59.37,0.47,21.68,0.38,17.74,0.67,704,137,61,241,75,44.4
boise-state,58.05,0.45,23.8,0.34,23.05,0.74,692,115,32,277,75,28.6
furman,58.35,0.48,27.1,0.36,16.1,0.7,645,157,56,314,75,27.3
creighton,59.84,0.46,24.58,0.37,17.74,0.73,686,119,42,231,75,33.3
utah,56.18,0.46,22.59,0.34,21.82,0.75,641,76,46,199,75,41.7
louisiana-tech,60.56,0.46,24.44,0.34,17.33,0.65,688,154,43,298,62.5,50
southern-methodist,58.59,0.46,23,0.33,18.59,0.77,673,111,60,210,54.5,66.7
st-johns-ny,66.32,0.41,19.53,0.29,22.11,0.69,761,204,86,344,75,33.3
pennsylvania,63,0.46,28.71,0.33,14.57,0.68,509,84,45,179,33.3,57.1
north-florida,60.7,0.44,31.6,0.38,16.2,0.76,714,105,62,246,60,90.9
saint-marys-ca,57.25,0.48,20.7,0.42,18.4,0.76,682,132,48,241,30,75
marquette,58.94,0.43,24.89,0.4,23.11,0.73,725,96,79,215,71.4,33.3
hofstra,59.8,0.45,22.1,0.34,20.45,0.77,718,141,39,274,71.4,25
east-tennessee-state,57.75,0.47,23.15,0.35,21.7,0.68,744,180,83,323,50,55.6
oregon-state,56.06,0.48,17.78,0.34,22.67,0.73,618,119,104,236,77.8,33.3
indiana,57.22,0.46,17.33,0.3,26.06,0.68,720,110,85,242,66.7,54.5
oral-roberts,63.95,0.44,25.53,0.33,19.26,0.74,748,122,45,254,66.7,40
portland-state,66.32,0.44,20,0.32,19.11,0.68,732,155,81,284,33.3,63.6
grambling,60.78,0.46,17,0.3,19.39,0.68,676,139,71,276,25,50
samford,60.85,0.45,19.4,0.34,20.3,0.7,754,140,61,304,66.7,54.5
nicholls-state,64.53,0.43,24.89,0.33,16.95,0.75,683,209,64,378,20,77.8
georgia-southern,62.2,0.43,26.75,0.34,19.8,0.69,704,166,85,335,100,50
houston,60.67,0.44,20.22,0.34,21.28,0.72,772,89,102,210,66.7,50
saint-francis-pa,59.94,0.46,18.24,0.37,22.53,0.75,622,121,42,243,60,45.5
sacred-heart,60.94,0.44,23.22,0.32,19.83,0.75,742,99,67,210,25,50
brigham-young,59.65,0.49,25.1,0.4,13.65,0.71,669,113,38,263,66.7,40
miami-oh,62.11,0.44,25.72,0.35,16.28,0.73,668,91,52,225,25,33.3
richmond,59.5,0.47,23.39,0.37,14.06,0.81,598,144,50,249,66.7,63.6
toledo,58.94,0.44,25.33,0.38,21.61,0.72,711,125,71,236,66.7,33.3
wichita-state,62.56,0.41,22.94,0.33,23.39,0.69,719,141,69,302,58.3,66.7
texas-tech,57.47,0.44,21.18,0.33,20.82,0.76,610,136,63,296,66.7,62.5
north-dakota,57.25,0.47,22.55,0.34,18.55,0.78,751,88,52,211,66.7,50
marshall,62.63,0.45,22.79,0.29,18.53,0.65,724,178,119,313,66.7,22.2
western-illinois,65,0.43,22.44,0.38,14.56,0.78,558,82,33,194,37.5,50
air-force,53.63,0.48,22.37,0.39,21.74,0.78,615,96,33,220,66.7,55.6
abilene-christian,60.35,0.45,22.12,0.29,21.59,0.75,582,166,41,361,83.3,62.5
south-dakota-state,59,0.48,21.68,0.34,18.64,0.7,852,116,63,252,90,54.5
northern-iowa,56.89,0.48,24.78,0.39,16.5,0.77,672,79,33,196,57.1,71.4
evansville,56.05,0.43,23.95,0.32,20.32,0.72,622,92,43,238,66.7,41.7
akron,58.17,0.45,25.56,0.38,19.78,0.76,690,87,55,248,66.7,54.5
rhode-island,63.29,0.42,17.65,0.3,21.76,0.69,680,157,66,270,63.6,25
florida-state,59,0.46,21.61,0.34,18.06,0.76,609,177,104,336,100,60
austin-peay,58.47,0.47,19.95,0.34,21.58,0.72,650,139,60,313,63.6,57.1
pepperdine,59.37,0.43,22.68,0.35,20.05,0.83,629,114,62,269,63.6,33.3
notre-dame,63.65,0.42,28.65,0.34,15.76,0.71,676,105,75,216,63.6,40
murray-state,56.44,0.49,17.83,0.35,23.28,0.7,700,97,65,236,83.3,42.9
ohio-state,54.39,0.46,22.94,0.39,21.39,0.72,685,86,72,235,63.6,50
nevada,59.63,0.43,25.37,0.38,17.11,0.74,713,96,68,207,62.5,33.3
alcorn-state,64.5,0.43,26.94,0.39,17.5,0.74,631,142,48,238,62.5,57.1
eastern-illinois,61.11,0.45,19.56,0.35,18.89,0.69,676,137,78,287,75,27.3
villanova,59.29,0.45,27.59,0.35,15.47,0.78,614,107,55,214,62.5,60
tennessee-state,57.32,0.48,21.95,0.36,19.58,0.65,726,105,82,261,50,55.6
hampton,59.67,0.46,18.11,0.33,24.67,0.68,655,102,81,234,62.5,50
new-orleans,59.22,0.46,16.44,0.33,21.22,0.78,577,147,44,304,62.5,36.4
valparaiso,61.63,0.44,24.47,0.34,16.47,0.7,656,160,62,306,62.5,50
san-diego-state,58.58,0.47,21.53,0.37,16.47,0.75,705,125,60,287,30,100
baylor,60.5,0.43,22.38,0.35,18.75,0.7,616,134,75,250,62.5,60
depaul,59.44,0.46,18.78,0.34,20.94,0.65,693,167,106,307,62.5,75
louisville,58.28,0.46,20.83,0.39,18,0.72,718,94,56,207,62.5,66.7
maryland,57.94,0.41,23.22,0.31,22.5,0.72,730,91,88,241,62.5,45.5
bowling-green-state,64.72,0.42,24,0.32,17.78,0.75,729,103,45,232,0,66.7
south-dakota,56.15,0.48,17.55,0.41,20.65,0.75,653,90,59,213,62.5,28.6
northern-colorado,58.29,0.44,27.47,0.37,17.18,0.67,614,99,36,211,66.7,50
seton-hall,58.89,0.45,23.11,0.34,21.11,0.71,690,141,112,272,61.5,42.9
southern-california,58.56,0.44,18.56,0.36,23.5,0.66,727,123,96,243,40,83.3
james-madison,60.72,0.42,24.94,0.32,23.83,0.62,729,106,64,214,33.3,37.5
southern-utah,57.76,0.46,19.29,0.34,20,0.71,650,128,77,235,16.7,62.5
cal-state-northridge,60,0.44,21.55,0.35,19.15,0.7,669,128,56,273,50,50
oklahoma,59.53,0.43,22.53,0.32,19.35,0.77,629,107,63,204,60,50
jacksonville-state,59.21,0.45,22.47,0.35,16.89,0.68,706,124,49,269,40,60
wofford,56.58,0.46,27.42,0.37,14.47,0.74,577,111,54,235,60,27.3
kentucky,56.53,0.46,15.47,0.32,23.35,0.77,656,90,85,215,60,20
minnesota,59.89,0.43,25,0.33,17.33,0.72,712,97,93,213,60,55.6
syracuse,56.61,0.44,25.89,0.36,18.61,0.72,648,132,76,239,60,0
california-santa-barbara,54.17,0.47,18.78,0.33,20.06,0.75,637,88,51,221,0,60
miami-fl,59.41,0.45,21.41,0.36,15.88,0.71,573,101,65,211,62.5,50
arkansas,58.53,0.44,24.41,0.31,20.24,0.74,566,151,79,297,60,33.3
colgate,61,0.45,29.63,0.35,12.05,0.78,675,103,53,225,60,70
harvard,56.25,0.46,21,0.33,19.94,0.73,590,112,88,226,60,60
william-mary,56.6,0.47,22,0.36,16.45,0.74,737,96,70,200,100,61.5
rider,59.24,0.43,19.82,0.32,24.12,0.67,674,108,40,229,60,20
siena,58.31,0.44,19.69,0.34,21.31,0.68,598,92,44,204,58.3,66.7
wake-forest,56.65,0.43,17.71,0.35,24.47,0.74,653,80,50,193,58.3,50
delaware,56.45,0.48,21.5,0.37,15.85,0.75,678,111,66,236,58.3,25
northern-arizona,58.31,0.45,20.69,0.38,16.81,0.69,552,114,35,225,50,66.7
rutgers,58.94,0.46,17.61,0.3,18,0.64,747,126,88,252,57.1,20
washington,54.26,0.45,19.37,0.32,21.89,0.71,684,136,126,263,57.1,40
virginia-military-institute,59.9,0.43,29.85,0.37,14.15,0.73,705,144,51,279,28.6,50
nebraska,62.39,0.42,25.61,0.33,20.17,0.59,644,117,47,256,57.1,71.4
north-carolina-greensboro,63.25,0.43,26.55,0.32,16.1,0.63,738,200,78,385,NAN!,NAN!
central-arkansas,59.47,0.41,24.21,0.32,25.16,0.7,707,97,106,265,66.7,36.4
lafayette,56.12,0.47,25.12,0.37,13.65,0.74,590,78,76,161,57.1,50
bryant,61.78,0.42,29.06,0.33,16.17,0.67,696,146,82,248,57.1,37.5
florida,57.35,0.45,19.94,0.33,21.82,0.72,652,107,68,225,57.1,50
st-francis-ny,61.82,0.43,21.35,0.31,16.88,0.71,618,110,62,246,60,45.5
tulsa,56.44,0.45,18.39,0.32,19.56,0.71,655,142,44,258,57.1,30
rice,58.74,0.42,29.11,0.33,19.79,0.7,694,117,46,238,57.1,50
south-alabama,54.1,0.46,16.8,0.31,21.65,0.75,667,156,81,281,37.5,40
eastern-kentucky,64.16,0.4,26.95,0.31,20.58,0.72,655,176,44,355,71.4,25
mississippi-state,56.24,0.47,16.94,0.33,20.82,0.72,657,109,91,223,54.5,66.7
duquesne,55.94,0.45,23.94,0.32,18,0.77,594,126,106,240,57.1,62.5
cincinnati,58.22,0.44,20.17,0.31,21.28,0.67,698,120,78,268,57.1,57.1
tulane,56.94,0.42,22.33,0.36,19.33,0.71,571,147,40,298,55.6,100
texas-state,55.35,0.46,16.15,0.34,22.05,0.76,671,134,56,303,55.6,57.1
west-virginia,58.41,0.43,18.18,0.3,24.12,0.64,703,132,70,267,66.7,50
louisiana-lafayette,58.85,0.41,23,0.32,20.65,0.72,711,129,55,297,62.5,75
yale,57.19,0.46,23.81,0.36,19.5,0.7,634,95,67,206,55.6,37.5
indiana-state,54.76,0.47,18.71,0.4,18.88,0.68,563,100,56,216,66.7,28.6
arizona-state,61.83,0.43,21.83,0.32,19.94,0.68,651,143,62,293,44.4,60
new-hampshire,61.78,0.41,26.83,0.33,16.17,0.64,775,90,40,241,66.7,50
colorado-state,56.05,0.47,22.35,0.35,21.7,0.67,712,143,36,273,40,66.7
xavier,60.33,0.43,21.39,0.29,19.44,0.68,691,114,72,256,54.5,66.7
seattle,62.2,0.4,23.3,0.3,21.6,0.77,729,118,67,276,54.5,33.3
loyola-md,55.74,0.46,21.42,0.32,21.84,0.6,643,127,57,258,53.8,50
princeton,57,0.45,24.14,0.33,17.43,0.7,460,85,29,161,50,63.6
bradley,59.95,0.43,19.37,0.38,19.26,0.73,775,98,78,247,50,66.7
washington-state,62.74,0.41,24.42,0.31,18.95,0.73,704,125,46,301,54.5,0
bethune-cookman,62.26,0.42,19.26,0.31,22.21,0.71,737,142,53,303,50,45.5
providence,61.47,0.41,22.42,0.33,21.32,0.67,736,175,72,307,50,33.3
northern-kentucky,57.75,0.45,27.05,0.33,19.15,0.69,739,161,42,294,50,50
milwaukee,63.11,0.41,24.42,0.33,19.53,0.68,707,108,61,301,62.5,70
drake,56.11,0.47,22.32,0.33,15.79,0.69,652,110,68,254,50,50
morgan-state,58.45,0.44,18.4,0.29,22.35,0.71,748,110,74,298,33.3,44.4
northeastern,55.11,0.47,23.26,0.4,13.79,0.8,595,146,34,240,14.3,66.7
saint-louis,59.89,0.44,16.94,0.32,24.67,0.57,739,145,82,271,50,60
nebraska-omaha,60.95,0.45,17.75,0.35,16,0.7,730,99,69,229,85.7,30
ucla,57.28,0.43,17.44,0.3,21.17,0.69,688,119,66,236,50,50
stanford,54.17,0.49,19.5,0.4,17.78,0.68,616,140,74,306,50,25
cal-state-bakersfield,59.68,0.45,15.74,0.35,19.11,0.69,734,129,60,263,28.6,44.4
morehead-state,60.21,0.44,19.11,0.3,18.26,0.64,715,130,85,256,50,44.4
colorado,55.56,0.43,20.56,0.36,21.61,0.73,682,113,61,267,50,42.9
virginia-commonwealth,57.78,0.43,22.44,0.34,19.83,0.71,622,169,89,326,33.3,40
youngstown-state,61.35,0.41,22.45,0.3,19.35,0.68,786,132,55,255,57.1,40
delaware-state,61.12,0.41,23.65,0.32,20.47,0.71,571,126,29,259,57.1,28.6
middle-tennessee,60.74,0.42,24.63,0.34,18.32,0.66,682,131,68,276,40,37.5
virginia-tech,57.78,0.44,27.78,0.37,15.11,0.69,638,106,49,220,50,75
prairie-view,58.29,0.44,13.76,0.33,22.06,0.68,554,146,40,300,50,45.5
florida-atlantic,59.58,0.43,25.21,0.34,18.42,0.69,706,143,42,294,44.4,42.9
connecticut,59.47,0.42,20.41,0.33,20.06,0.71,661,110,120,266,50,44.4
east-carolina,57,0.42,19.72,0.28,22.17,0.72,645,114,62,233,50,33.3
quinnipiac,56.38,0.41,28.69,0.36,17.75,0.78,603,79,59,164,50,33.3
utah-valley,57.6,0.43,22.85,0.3,18.35,0.74,716,111,108,260,0,41.7
weber-state,57.29,0.45,21.47,0.34,16.65,0.68,539,98,63,228,50,44.4
hawaii,57.06,0.44,22,0.34,18.67,0.7,622,92,43,231,50,25
wagner,59.56,0.4,23.94,0.34,18.94,0.71,555,91,37,214,50,22.2
college-of-charleston,55.35,0.44,21.2,0.34,19.05,0.76,674,125,54,247,37.5,71.4
pacific,56.62,0.46,16.62,0.35,21.1,0.66,781,124,87,274,50,66.7
ball-state,58.39,0.44,27.67,0.34,16.44,0.66,638,134,60,268,50,25
massachusetts,57.61,0.42,23.83,0.35,18.11,0.68,583,134,60,273,77.8,28.6
mississippi,55.59,0.43,20.12,0.32,20.41,0.71,586,126,45,239,50,33.3
canisius,56.78,0.45,19.72,0.3,20.17,0.69,606,145,44,303,50,28.6
ohio,57.06,0.45,24.39,0.35,16.5,0.67,643,113,49,235,50,50
binghamton,61.06,0.42,28.67,0.34,13,0.72,650,82,60,169,50,100
missouri-kansas-city,57.4,0.45,19.8,0.36,16.75,0.67,637,154,62,306,NAN!,NAN!
mercer,59.42,0.45,20.53,0.36,16.11,0.72,686,138,50,261,50,50
campbell,56.33,0.45,23.39,0.33,14.33,0.74,557,149,48,298,50,33.3
north-carolina,62.65,0.4,19,0.29,21.53,0.65,745,104,70,199,11.1,40
radford,56.53,0.45,22.06,0.35,17.24,0.66,598,96,43,202,50,50
la-salle,57.71,0.42,23.65,0.34,18.41,0.68,617,130,64,252,50,66.7
american,57.88,0.45,20.82,0.35,15.88,0.68,538,128,52,230,50,50
north-dakota-state,57.05,0.44,26.63,0.35,16.95,0.78,675,101,44,208,57.1,44.4
lipscomb,58.58,0.44,22.89,0.33,16.47,0.68,653,105,48,272,50,66.7
ipfw,60.45,0.43,26.45,0.32,14,0.67,721,142,55,270,50,33.3
purdue,60.67,0.41,22.61,0.33,15.5,0.66,687,118,66,260,50,37.5
loyola-il,49.63,0.51,14.79,0.37,19.84,0.68,569,146,40,306,60,50
chattanooga,58.89,0.45,24.05,0.36,15.05,0.66,683,92,28,245,45.5,50
oklahoma-state,57.35,0.41,21.29,0.3,18.71,0.72,626,125,64,255,20,40
davidson,56.71,0.44,26,0.35,14.29,0.77,540,103,37,215,45.5,50
texas-pan-american,62.33,0.42,18.94,0.34,18.11,0.68,611,159,75,317,75,33.3
stony-brook,57.3,0.42,25.4,0.36,18.55,0.71,793,134,104,270,45.5,66.7
saint-josephs,63.67,0.38,31.56,0.3,18.17,0.69,686,86,55,188,44.4,42.9
central-florida,58.72,0.43,21.78,0.31,16.89,0.69,668,109,60,256,20,80
fresno-state,57.72,0.41,27.72,0.33,17.39,0.69,684,95,71,208,33.3,50
troy,61.2,0.41,25.7,0.33,16.7,0.67,734,122,57,318,44.4,50
new-mexico-state,56,0.45,26.5,0.35,16.6,0.7,715,134,39,301,50,33.3
arkansas-little-rock,53.1,0.46,16.5,0.33,21.4,0.69,738,140,66,291,77.8,63.6
temple,59.41,0.4,22.41,0.32,18.59,0.68,669,138,47,238,44.4,42.9
lamar,60.47,0.43,17.47,0.31,19.58,0.66,701,186,94,340,44.4,33.3
north-texas,53.42,0.47,22.68,0.38,14.58,0.73,641,132,50,279,44.4,30
boston-university,59.63,0.46,21.16,0.32,15.84,0.64,683,106,37,222,57.1,40
george-mason,57.61,0.42,20.17,0.32,19.11,0.71,670,118,95,242,50,25
robert-morris,59.78,0.44,24.22,0.37,13.78,0.65,607,117,28,275,66.7,54.5
army,57.06,0.47,22.88,0.32,14.65,0.57,572,94,23,214,44.4,42.9
south-carolina,60.59,0.43,18.29,0.31,20.35,0.61,638,133,75,264,40,83.3
texas-southern,61.06,0.4,18.88,0.28,22.65,0.72,636,99,47,261,66.7,53.8
brown,58.86,0.41,23.43,0.32,18.64,0.69,564,94,70,189,42.9,42.9
appalachian-state,55.95,0.42,21.25,0.3,22,0.66,732,152,53,292,14.3,66.7
south-carolina-upstate,58.89,0.42,21.83,0.31,18.89,0.69,605,113,45,261,83.3,50
portland,54.3,0.45,18.2,0.37,19.45,0.67,662,113,80,262,42.9,60
liberty,51.4,0.48,21,0.38,16.35,0.71,688,116,58,250,42.9,22.2
northwestern-state,58.81,0.43,23.25,0.34,18,0.73,623,89,77,210,20,66.7
south-carolina-state,55.75,0.44,17.88,0.32,21,0.79,561,74,24,184,80,40
drexel,56.55,0.44,21.35,0.36,17.75,0.7,739,123,65,254,40,37.5
northern-illinois,59.33,0.41,22.72,0.34,17.11,0.68,710,105,47,211,28.6,54.5
butler,52.83,0.47,19.67,0.36,16.67,0.72,635,86,46,226,40,28.6
charleston-southern,58.56,0.43,23.39,0.32,16.22,0.71,596,119,40,264,50,44.4
southern,59.89,0.42,18.33,0.32,15.22,0.67,624,113,51,237,40,40
elon,58.1,0.41,27.85,0.37,14.3,0.71,675,99,39,236,40,16.7
bucknell,57.37,0.42,23.05,0.34,17,0.74,622,134,66,264,40,66.7
st-bonaventure,58.44,0.43,20,0.34,14.44,0.76,659,109,71,245,80,33.3
nevada-las-vegas,56.95,0.43,22.9,0.32,20.85,0.72,786,119,62,251,NAN!,NAN!
vermont,57.42,0.43,25.16,0.31,16.63,0.71,708,113,68,240,40,66.7
wisconsin,54.39,0.43,23.11,0.33,15.83,0.77,609,90,66,217,40,50
southeastern-louisiana,59.67,0.41,21.11,0.29,17.22,0.66,588,143,31,315,40,50
iona,56.15,0.41,25.85,0.31,18.46,0.74,435,108,49,198,40,50
north-alabama,55.21,0.42,20.74,0.33,20.37,0.69,666,121,49,275,40,66.7
charlotte,51.69,0.45,17,0.33,21,0.72,526,140,59,246,40,44.4
towson,58.32,0.43,20,0.32,18.68,0.76,707,121,58,223,40,60
norfolk-state,57.74,0.41,22.95,0.32,18.84,0.71,696,146,36,302,33.3,60
illinois-state,57,0.43,21.5,0.35,14.44,0.67,605,99,48,257,37.5,14.3
texas-el-paso,54.47,0.43,21.58,0.29,20.26,0.77,665,119,58,284,62.5,33.3
san-jose-state,59.37,0.4,26.11,0.3,20.68,0.69,689,113,69,237,50,50
long-beach-state,56.7,0.44,17.45,0.36,17.95,0.69,674,127,74,309,42.9,44.4
clemson,56.65,0.43,25.41,0.32,17.35,0.67,587,128,41,253,40,33.3
arkansas-state,53.25,0.44,16,0.35,25.9,0.7,661,148,60,296,80,62.5
coppin-state,61.8,0.39,29.8,0.27,18.95,0.63,747,134,50,301,37.5,55.6
fairleigh-dickinson,58.94,0.44,20.81,0.31,15.94,0.71,519,95,58,207,66.7,62.5
niagara,57.76,0.43,21.53,0.36,12.76,0.77,465,115,39,242,37.5,40
georgia-tech,56.67,0.45,16.89,0.29,17.78,0.65,634,132,89,258,44.4,87.5
western-michigan,57.89,0.42,22.61,0.31,22.28,0.72,625,100,37,224,66.7,50
grand-canyon,55.72,0.43,18.17,0.32,17.72,0.76,583,96,23,220,37.5,20
longwood,56.47,0.4,26.26,0.32,19.95,0.72,661,133,30,277,37.5,14.3
idaho,56.88,0.45,15.41,0.31,17.29,0.67,589,98,43,207,37.5,50
northwestern,57.35,0.42,19.76,0.32,16.12,0.75,588,81,43,194,37.5,40
idaho-state,54.06,0.46,19.88,0.35,19.06,0.61,558,83,36,191,37.5,62.5
howard,60.32,0.41,20.79,0.32,19.05,0.68,643,114,53,259,37.5,71.4
holy-cross,58.11,0.44,22,0.33,13.53,0.65,631,88,43,208,37.5,33.3
missouri,55.12,0.42,22.65,0.31,17.71,0.76,592,131,48,265,37.5,66.7
montana-state,53.17,0.45,19,0.33,17.83,0.75,626,104,40,195,33.3,71.4
george-washington,55.06,0.42,23.17,0.33,17.11,0.74,600,93,79,196,50,50
detroit-mercy,59.45,0.38,27.5,0.32,18.75,0.79,724,120,61,248,66.7,41.7
iupui,59.05,0.41,21.75,0.34,19.65,0.64,719,138,53,263,36.4,50
albany-ny,54.26,0.42,22.53,0.33,20.37,0.71,661,103,53,249,28.6,55.6
texas,57.35,0.44,25.41,0.34,12.06,0.64,573,96,81,244,33.3,71.4
missouri-state,56,0.43,18.95,0.35,16.05,0.75,683,113,50,228,33.3,71.4
tennessee,54.35,0.42,20.24,0.3,18.29,0.75,627,102,100,234,33.3,50
san-diego,57.9,0.42,21.38,0.33,16.95,0.67,718,116,68,276,33.3,45.5
loyola-marymount,52.84,0.46,18.21,0.32,17.47,0.64,567,122,41,262,50,50
southern-mississippi,58.21,0.44,16.42,0.3,13.89,0.73,650,128,47,253,50,22.2
jackson-state,60.67,0.41,19.11,0.25,17.06,0.67,551,160,63,305,0,46.2
gardner-webb,57.12,0.42,22.18,0.33,20.35,0.69,595,105,74,208,25,55.6
hartford,55.74,0.42,22.68,0.34,17.53,0.7,641,141,47,261,33.3,80
north-carolina-central,55.94,0.45,18.33,0.29,17.5,0.67,593,171,56,334,100,35.7
illinois-chicago,55.8,0.43,22.95,0.33,16.45,0.69,712,112,82,243,40,62.5
kansas-state,53.65,0.43,21.65,0.33,19.06,0.67,564,150,48,288,40,50
boston-college,58,0.4,22.72,0.29,17.56,0.66,604,159,51,297,36.4,42.9
pittsburgh,55.72,0.41,18.28,0.3,20.94,0.72,640,142,67,291,33.3,83.3
eastern-michigan,54.39,0.41,20.94,0.29,22.83,0.63,635,203,57,337,40,50
columbia,59.41,0.42,24.18,0.33,14.24,0.73,611,92,65,201,33.3,57.1
alabama-am,62.12,0.38,21.19,0.27,16.56,0.69,558,102,35,207,80,70
monmouth,57.71,0.41,20.06,0.36,18.82,0.73,563,140,47,271,33.3,42.9
jacksonville,56.15,0.41,21.5,0.29,17.65,0.67,773,103,44,220,33.3,71.4
chicago-state,52.67,0.41,18,0.33,20.76,0.73,644,114,57,262,28.6,30
saint-peters,56.5,0.4,17.75,0.38,20.12,0.7,617,125,69,245,50,77.8
incarnate-word,58.59,0.4,19,0.28,17.41,0.72,582,118,42,253,33.3,22.2
lehigh,57.67,0.45,16.11,0.33,14.06,0.77,617,102,46,221,33.3,42.9
stetson,51.7,0.44,18.3,0.33,20.5,0.64,714,127,55,238,33.3,100
california,53.28,0.42,14.83,0.34,17.89,0.72,602,74,44,216,30,75
high-point,55.56,0.39,18.89,0.29,21.67,0.7,631,89,61,218,30,37.5
south-florida,54.44,0.41,20.89,0.32,19.67,0.61,601,157,40,307,54.5,33.3
montana,57.72,0.44,16.11,0.33,15.28,0.71,588,115,68,264,30,57.1
cornell,58.71,0.42,24.5,0.28,15.29,0.71,492,96,43,176,30,100
dartmouth,55.56,0.44,23,0.33,15.75,0.65,579,74,39,198,30,40
presbyterian,54.78,0.44,19.61,0.31,16.39,0.69,617,106,38,217,28.6,30
oakland,53.4,0.43,19.65,0.29,19.7,0.68,726,124,51,244,28.6,54.5
southern-illinois,50.63,0.43,21.16,0.32,15.89,0.73,578,122,38,261,88.9,14.3
cal-state-fullerton,54.42,0.42,18.53,0.32,18.16,0.67,631,105,57,252,50,50
southeast-missouri-state,55.32,0.42,17.74,0.32,20.32,0.67,617,107,39,253,50,22.2
denver,55.45,0.43,16,0.33,20.25,0.67,661,112,42,263,28.6,50
cleveland-state,54.1,0.41,12.8,0.28,21.9,0.66,689,158,50,289,57.1,40
alabama-birmingham,54.26,0.44,16.11,0.3,17.26,0.67,742,108,57,230,50,42.9
cal-poly,53.35,0.42,18.35,0.34,18.35,0.67,543,106,39,234,27.3,25
njit,57.94,0.41,19.61,0.3,17.33,0.67,618,101,47,216,25,66.7
mount-st-marys,57.44,0.4,22.56,0.29,17.5,0.69,664,98,62,223,62.5,60
texas-am-corpus-christi,51.74,0.41,21.37,0.37,17.05,0.7,670,108,53,238,25,50
tennessee-tech,58.47,0.41,23.37,0.33,11.84,0.65,658,125,59,263,20,40
old-dominion,59.28,0.39,18.11,0.26,15.61,0.69,705,135,60,241,25,50
north-carolina-at,59.05,0.41,18.63,0.29,22.68,0.63,719,152,64,296,75,41.7
merrimack,54.63,0.41,23.74,0.3,13.84,0.69,536,197,49,324,25,16.7
fairfield,52.71,0.42,16.29,0.34,16.88,0.68,580,88,50,210,25,50
mississippi-valley-state,69.25,0.36,27.62,0.27,13.19,0.62,578,99,41,207,33.3,42.9
sacramento-state,53.5,0.41,14.06,0.32,17.5,0.71,591,97,70,214,80,62.5
navy,52.76,0.41,21.76,0.33,19.12,0.7,628,89,24,204,22.2,57.1
manhattan,56.27,0.4,23.4,0.33,17.67,0.63,515,108,44,233,20,77.8
central-connecticut-state,55.74,0.39,17.53,0.34,17.16,0.65,584,127,57,261,16.7,50
fordham,55.06,0.39,22.18,0.32,16.12,0.62,571,131,51,264,20,36.4
florida-gulf-coast,56.29,0.4,23.48,0.3,14.43,0.69,739,136,89,305,44.4,30
wyoming,51,0.41,23.45,0.32,16.2,0.7,596,96,42,245,20,50
florida-am,58.06,0.4,12.81,0.29,19.12,0.64,537,120,30,239,100,58.3
maine,54.32,0.42,23.32,0.29,14.63,0.68,634,121,61,225,20,42.9
alabama-state,54.94,0.38,20.5,0.3,17.78,0.65,543,110,32,249,0,45.5
texas-am,51.94,0.4,20.62,0.26,20.88,0.68,554,103,57,231,30,100
marist,55.69,0.38,21.38,0.32,15.69,0.59,550,112,48,217,20,41.7
kennesaw-state,55.39,0.35,17.11,0.26,18.39,0.7,626,91,37,227,60,27.3
virginia,51.41,0.41,19.35,0.27,12.65,0.7,592,102,72,229,16.7,36.4
maryland-eastern-shore,56.79,0.35,22.95,0.24,14.11,0.62,622,148,67,277,50,46.7
arkansas-pine-bluff,48.69,0.4,13,0.27,16.69,0.61,502,124,48,220,0,46.2
