,0,1,2,3,4,5,6,7,8,9,10,11
0,gonzaga,26,61.96153846153846,.517,20.153846153846153,.391,24.307692307692307,.682,1051,207,107,369
1,central-michigan,22,64.86363636363636,.441,24.0,.335,22.136363636363637,.745,820,206,56,368
2,eastern-washington,23,64.30434782608695,.462,26.652173913043477,.354,18.82608695652174,.674,891,174,93,341
3,duke,23,63.30434782608695,.481,19.956521739130434,.349,21.956521739130434,.697,917,204,136,373
4,stephen-f-austin,24,58.125,.492,15.916666666666666,.372,25.041666666666668,.694,876,253,72,531
5,alabama,23,62.869565217391305,.445,29.217391304347824,.348,23.17391304347826,.709,930,147,108,319
6,citadel,23,61.65217391304348,.439,28.565217391304348,.329,19.782608695652176,.686,828,163,60,331
7,dayton,23,57.17391304347826,.524,22.956521739130434,.371,18.217391304347824,.726,799,147,85,325
8,wright-state,26,63.88461538461539,.459,21.26923076923077,.371,22.692307692307693,.673,1056,168,95,366
9,arizona,23,60.130434782608695,.460,20.434782608695652,.360,21.956521739130434,.735,870,153,86,332
10,green-bay,26,64.1923076923077,.455,21.5,.370,19.53846153846154,.744,935,186,77,386
11,florida-international,25,61.68,.462,25.76,.362,18.6,.656,911,233,163,416
12,auburn,23,60.73913043478261,.437,26.956521739130434,.316,26.565217391304348,.674,955,140,120,315
13,western-carolina,23,58.30434782608695,.468,26.869565217391305,.374,20.52173913043478,.697,880,120,40,290
14,california-baptist,24,60.166666666666664,.446,25.75,.375,21.25,.771,978,97,87,269
15,michigan-state,24,59.416666666666664,.453,22.083333333333332,.345,19.0,.761,994,125,129,272
16,mcneese-state,24,57.333333333333336,.504,21.375,.407,19.75,.719,870,169,101,352
17,iowa,24,61.208333333333336,.451,23.25,.351,21.041666666666668,.747,916,157,87,299
18,penn-state,23,62.47826086956522,.445,24.17391304347826,.326,19.91304347826087,.686,902,191,123,329
19,belmont,25,63.64,.474,28.52,.355,14.2,.718,957,183,80,350
20,sam-houston-state,24,63.166666666666664,.458,22.625,.354,19.0,.763,826,226,74,448
21,georgia,23,61.73913043478261,.451,23.08695652173913,.305,20.347826086956523,.690,886,176,79,321
22,louisiana-state,23,60.43478260869565,.479,20.043478260869566,.310,21.47826086956522,.769,922,149,96,288
23,new-mexico,25,57.88,.485,19.68,.339,23.36,.719,894,199,72,366
24,coastal-carolina,25,61.44,.445,22.56,.335,22.24,.707,1006,196,76,360
25,santa-clara,25,58.8,.469,21.92,.363,19.32,.737,878,174,91,376
26,buffalo,24,66.70833333333333,.437,25.291666666666668,.318,17.875,.653,1022,198,114,356
27,iowa-state,23,61.08695652173913,.441,23.347826086956523,.315,17.217391304347824,.742,805,185,104,359
28,kent-state,24,61.083333333333336,.450,24.75,.347,16.958333333333332,.722,874,174,107,344
29,houston-baptist,21,63.80952380952381,.439,21.61904761904762,.363,24.61904761904762,.723,769,113,47,277
30,san-francisco,26,60.07692307692308,.446,26.923076923076923,.339,18.346153846153847,.727,933,179,84,341
31,winthrop,25,62.56,.460,26.76,.342,21.84,.636,1024,174,61,390
32,kansas,23,56.95652173913044,.486,18.695652173913043,.344,19.91304347826087,.664,895,183,117,310
33,utah-state,26,58.23076923076923,.452,22.0,.322,22.03846153846154,.773,1053,162,84,339
34,memphis,23,56.91304347826087,.456,19.47826086956522,.344,22.26086956521739,.680,915,189,148,369
35,vanderbilt,23,56.130434782608695,.433,25.391304347826086,.327,22.91304347826087,.687,756,166,84,325
36,western-kentucky,24,56.5,.462,20.541666666666668,.333,21.666666666666668,.787,807,154,102,331
37,georgetown,24,61.416666666666664,.442,18.291666666666668,.339,21.041666666666668,.772,954,152,106,335
38,long-island-university,24,59.5,.445,28.5,.336,19.375,.705,826,161,86,336
39,michigan,23,60.78260869565217,.459,24.391304347826086,.348,15.782608695652174,.713,845,127,109,264
40,georgia-state,25,63.28,.442,23.36,.370,19.36,.736,937,210,104,418
41,illinois,23,59.08695652173913,.452,17.82608695652174,.315,20.26086956521739,.732,928,107,66,277
42,oregon,24,59.291666666666664,.467,21.541666666666668,.383,17.625,.690,863,190,73,320
43,boise-state,25,57.84,.456,24.4,.352,22.04,.746,853,144,36,353
44,furman,25,58.56,.482,27.48,.358,17.16,.683,804,203,71,405
45,creighton,24,59.083333333333336,.466,24.916666666666668,.373,17.708333333333332,.729,843,147,54,289
46,utah,23,55.69565217391305,.448,21.782608695652176,.329,20.652173913043477,.741,848,126,66,287
47,louisiana-tech,24,58.666666666666664,.465,23.791666666666668,.357,17.208333333333332,.663,891,184,57,364
48,southern-methodist,22,58.45454545454545,.459,24.681818181818183,.348,17.863636363636363,.763,848,130,71,266
49,st-johns-ny,24,66.33333333333333,.411,20.958333333333332,.304,19.833333333333332,.710,951,240,102,407
50,pennsylvania,19,60.578947368421055,.461,26.36842105263158,.321,15.789473684210526,.677,701,110,63,228
51,north-florida,26,59.84615384615385,.445,31.076923076923077,.380,16.307692307692307,.762,926,129,94,301
52,saint-marys-ca,26,56.38461538461539,.481,20.653846153846153,.413,17.96153846153846,.743,846,176,57,316
53,marquette,23,58.391304347826086,.429,26.130434782608695,.388,24.347826086956523,.739,919,121,106,266
54,hofstra,25,59.76,.447,21.92,.356,19.84,.774,879,176,49,351
55,east-tennessee-state,25,57.36,.474,22.28,.341,21.32,.672,895,222,97,403
56,oregon-state,23,54.73913043478261,.465,18.08695652173913,.320,22.391304347826086,.746,765,145,122,294
57,indiana,23,56.26086956521739,.452,16.82608695652174,.315,23.52173913043478,.688,880,125,102,289
58,oral-roberts,24,63.416666666666664,.440,24.375,.323,19.458333333333332,.754,915,151,58,322
59,portland-state,24,65.20833333333333,.435,19.166666666666668,.324,19.75,.700,911,198,105,349
60,grambling,23,58.82608695652174,.456,16.130434782608695,.296,20.47826086956522,.669,845,169,91,338
61,samford,26,59.69230769230769,.441,19.076923076923077,.339,20.46153846153846,.727,947,177,82,380
62,nicholls-state,24,63.625,.435,24.25,.325,17.541666666666668,.751,842,249,84,461
63,georgia-southern,25,61.68,.434,26.24,.332,20.24,.690,882,202,105,408
64,houston,24,59.708333333333336,.435,20.0,.340,20.916666666666668,.713,1009,120,127,283
65,saint-francis-pa,24,60.125,.462,17.541666666666668,.368,21.208333333333332,.756,866,168,59,342
66,sacred-heart,25,59.0,.438,22.96,.326,19.8,.737,997,130,98,289
67,brigham-young,26,59.38461538461539,.508,24.96153846153846,.427,13.423076923076923,.708,861,141,52,330
68,miami-oh,23,61.04347826086956,.425,25.0,.346,15.782608695652174,.722,824,119,61,298
69,richmond,23,58.21739130434783,.467,22.130434782608695,.365,16.08695652173913,.786,763,187,60,320
70,toledo,24,58.0,.440,25.083333333333332,.375,20.833333333333332,.738,910,141,82,288
71,wichita-state,23,61.608695652173914,.403,23.391304347826086,.316,22.17391304347826,.690,897,171,80,357
72,texas-tech,23,56.08695652173913,.448,20.17391304347826,.345,20.608695652173914,.762,796,175,92,377
73,north-dakota,25,56.48,.461,23.16,.349,19.48,.772,910,115,56,279
74,marshall,25,63.2,.448,24.04,.298,17.52,.648,950,221,143,403
75,western-illinois,21,63.904761904761905,.429,22.761904761904763,.368,14.0,.789,710,112,49,255
76,air-force,24,54.583333333333336,.456,22.916666666666668,.380,20.958333333333332,.748,779,120,38,271
77,abilene-christian,23,59.391304347826086,.441,22.782608695652176,.311,21.565217391304348,.738,791,212,60,467
78,south-dakota-state,26,58.23076923076923,.489,20.884615384615383,.354,18.307692307692307,.702,1006,133,85,292
79,northern-iowa,24,56.291666666666664,.485,23.916666666666668,.401,16.75,.766,894,112,53,257
80,evansville,25,56.08,.424,23.96,.314,18.36,.725,815,120,58,296
81,akron,23,58.17391304347826,.444,25.52173913043478,.382,18.869565217391305,.776,856,111,67,321
82,rhode-island,23,61.56521739130435,.437,17.608695652173914,.328,22.391304347826086,.689,902,203,89,354
83,florida-state,23,59.08695652173913,.461,21.304347826086957,.365,17.17391304347826,.777,788,207,130,400
84,austin-peay,25,58.64,.465,20.08,.351,21.6,.730,873,174,77,394
85,pepperdine,25,59.84,.439,22.68,.358,20.88,.801,835,153,84,351
86,notre-dame,23,62.65217391304348,.430,28.47826086956522,.351,16.52173913043478,.745,883,131,90,278
87,murray-state,24,56.0,.482,18.25,.368,22.458333333333332,.718,916,127,90,311
88,ohio-state,23,54.30434782608695,.450,22.695652173913043,.379,19.434782608695652,.727,853,108,87,285
89,nevada,25,60.72,.445,26.08,.387,16.76,.757,950,128,90,270
90,alcorn-state,21,62.904761904761905,.428,24.761904761904763,.381,17.571428571428573,.753,802,174,64,303
91,eastern-illinois,24,60.666666666666664,.459,19.25,.351,19.0,.671,891,184,113,371
92,villanova,23,58.91304347826087,.438,26.695652173913043,.353,16.043478260869566,.778,821,137,67,275
93,tennessee-state,25,56.6,.476,20.72,.355,19.48,.657,955,131,112,320
94,hampton,23,59.869565217391305,.464,17.695652173913043,.327,25.08695652173913,.688,843,126,102,284
95,new-orleans,23,58.04347826086956,.461,16.0,.345,22.08695652173913,.772,724,187,51,383
96,valparaiso,25,60.8,.432,24.88,.322,16.72,.711,854,208,84,388
97,san-diego-state,24,57.208333333333336,.474,22.75,.388,16.875,.753,858,159,73,340
98,baylor,22,59.54545454545455,.431,22.272727272727273,.351,19.045454545454547,.697,836,173,100,327
99,depaul,24,59.875,.445,18.583333333333332,.318,20.833333333333332,.654,915,204,127,396
100,louisville,24,57.125,.466,21.375,.404,19.25,.736,938,124,69,273
101,maryland,23,57.34782608695652,.415,24.26086956521739,.319,22.08695652173913,.742,906,110,110,288
102,bowling-green-state,24,64.08333333333333,.427,23.25,.337,18.166666666666668,.743,956,137,57,292
103,south-dakota,26,56.38461538461539,.494,18.807692307692307,.401,21.73076923076923,.772,847,122,71,310
104,northern-colorado,22,58.5,.450,27.818181818181817,.369,15.909090909090908,.686,774,118,54,260
105,seton-hall,23,58.34782608695652,.446,23.08695652173913,.330,21.043478260869566,.696,869,171,151,339
106,southern-california,24,57.666666666666664,.441,18.25,.352,22.083333333333332,.679,932,156,130,325
107,james-madison,24,60.875,.415,24.208333333333332,.322,23.75,.654,943,154,80,292
108,southern-utah,23,58.869565217391305,.460,18.869565217391305,.334,19.130434782608695,.714,877,175,104,313
109,cal-state-northridge,25,59.76,.450,20.96,.365,18.08,.719,828,145,73,326
110,oklahoma,23,58.608695652173914,.425,22.695652173913043,.324,17.82608695652174,.768,841,142,88,268
111,jacksonville-state,25,59.64,.449,22.32,.339,16.44,.679,914,158,66,360
112,wofford,25,56.6,.464,27.2,.357,15.52,.716,771,150,66,332
113,kentucky,23,55.65217391304348,.463,14.478260869565217,.324,24.304347826086957,.787,867,119,113,277
114,minnesota,23,59.869565217391305,.420,24.52173913043478,.321,16.956521739130434,.723,895,115,110,262
115,syracuse,23,57.52173913043478,.438,25.52173913043478,.348,19.869565217391305,.737,823,170,102,307
116,california-santa-barbara,24,53.625,.470,18.583333333333332,.339,19.875,.769,827,109,57,289
117,miami-fl,23,58.91304347826087,.437,21.304347826086957,.331,17.304347826086957,.749,761,137,81,292
118,arkansas,23,58.43478260869565,.441,22.91304347826087,.315,22.347826086956523,.720,755,201,93,394
119,colgate,25,60.6,.447,28.56,.357,14.08,.756,902,136,74,303
120,harvard,21,57.57142857142857,.460,21.476190476190474,.341,18.476190476190474,.706,781,143,110,289
121,william-mary,26,56.11538461538461,.460,22.0,.343,15.615384615384615,.749,945,114,97,259
122,rider,23,57.869565217391305,.440,19.434782608695652,.336,22.869565217391305,.663,876,157,57,321
123,siena,21,57.42857142857143,.449,19.095238095238095,.352,21.523809523809526,.697,773,123,59,269
124,wake-forest,23,56.95652173913044,.421,19.17391304347826,.333,23.391304347826086,.747,886,116,61,258
125,delaware,25,56.08,.480,21.68,.360,17.32,.758,845,137,81,292
126,northern-arizona,22,57.72727272727273,.454,20.272727272727273,.379,17.954545454545453,.706,754,152,52,302
127,rutgers,24,59.791666666666664,.446,18.208333333333332,.295,18.458333333333332,.643,988,162,114,326
128,washington,24,54.625,.447,20.625,.335,20.958333333333332,.704,843,173,151,330
129,virginia-military-institute,25,60.08,.430,29.92,.357,14.16,.706,887,175,59,341
130,nebraska,23,62.26086956521739,.418,25.130434782608695,.334,18.956521739130434,.599,813,149,55,320
131,north-carolina-greensboro,25,63.96,.435,27.4,.324,15.8,.628,926,249,104,475
132,central-arkansas,24,60.333333333333336,.414,24.708333333333332,.320,24.5,.704,928,131,127,335
133,lafayette,23,56.30434782608695,.468,25.47826086956522,.365,14.130434782608695,.742,795,108,101,218
134,bryant,24,60.541666666666664,.416,27.916666666666668,.322,17.041666666666668,.685,941,177,106,315
135,florida,23,57.17391304347826,.445,20.695652173913043,.332,19.73913043478261,.725,829,139,89,303
136,st-francis-ny,24,61.0,.423,21.625,.304,16.291666666666668,.721,861,152,103,334
137,tulsa,23,55.21739130434783,.450,17.91304347826087,.318,20.565217391304348,.712,814,177,57,334
138,rice,25,57.96,.437,28.72,.351,19.6,.706,884,150,57,306
139,south-alabama,25,53.88,.466,16.48,.325,21.96,.734,823,188,89,348
140,eastern-kentucky,25,64.2,.406,26.76,.323,20.92,.723,844,243,54,474
141,mississippi-state,23,56.30434782608695,.464,16.347826086956523,.340,21.347826086956523,.749,886,129,116,273
142,duquesne,23,56.17391304347826,.446,24.217391304347824,.327,18.347826086956523,.739,798,157,136,313
143,cincinnati,23,57.17391304347826,.451,20.434782608695652,.319,21.130434782608695,.683,864,150,111,324
144,tulane,23,56.65217391304348,.414,23.434782608695652,.349,18.73913043478261,.701,700,190,53,374
145,texas-state,25,56.16,.454,16.04,.344,21.04,.764,835,164,68,379
146,west-virginia,23,59.52173913043478,.432,17.91304347826087,.303,24.82608695652174,.643,953,184,84,370
147,louisiana-lafayette,25,59.0,.411,23.6,.319,20.52,.731,891,149,75,349
148,yale,22,57.0,.474,24.09090909090909,.379,19.727272727272727,.700,858,135,78,276
149,indiana-state,23,53.869565217391305,.459,18.47826086956522,.391,18.608695652173914,.699,750,130,78,299
150,arizona-state,23,62.17391304347826,.422,22.52173913043478,.319,19.695652173913043,.687,855,183,82,378
151,new-hampshire,22,61.5,.415,25.636363636363637,.332,16.0,.651,933,110,49,286
152,colorado-state,25,56.56,.473,22.24,.371,21.56,.681,883,172,48,332
153,xavier,24,60.541666666666664,.432,21.208333333333332,.306,19.25,.654,959,142,90,318
154,seattle,24,62.25,.402,23.0,.306,22.75,.767,867,140,81,338
155,loyola-md,25,54.64,.469,20.4,.325,24.12,.643,837,174,72,332
156,princeton,19,55.94736842105263,.469,23.210526315789473,.347,16.526315789473685,.704,620,119,40,221
157,bradley,25,57.68,.438,18.44,.369,18.68,.737,973,121,96,313
158,washington-state,24,61.541666666666664,.405,24.041666666666668,.319,17.875,.725,867,162,60,373
159,bethune-cookman,23,61.34782608695652,.432,18.47826086956522,.325,23.52173913043478,.699,877,166,62,368
160,providence,24,60.708333333333336,.405,22.333333333333332,.317,20.208333333333332,.687,917,202,83,361
161,northern-kentucky,25,58.84,.441,27.0,.317,19.32,.689,930,200,52,364
162,milwaukee,25,62.52,.409,23.96,.316,18.44,.703,935,145,81,388
163,drake,25,56.12,.464,21.72,.344,15.36,.708,847,143,91,321
164,morgan-state,25,58.72,.426,18.48,.286,22.08,.705,970,137,102,370
165,northeastern,24,55.25,.474,22.166666666666668,.389,14.125,.805,745,189,41,314
166,saint-louis,24,59.5,.437,16.916666666666668,.333,23.125,.584,955,184,102,339
167,nebraska-omaha,25,60.6,.451,18.16,.348,17.12,.715,888,133,80,298
168,ucla,24,55.833333333333336,.437,18.041666666666668,.319,20.958333333333332,.710,889,164,79,309
169,stanford,23,54.608695652173914,.471,19.434782608695652,.383,16.869565217391305,.688,793,164,94,364
170,cal-state-bakersfield,24,59.166666666666664,.442,16.0,.333,18.75,.689,916,158,76,325
171,morehead-state,25,59.88,.438,19.32,.302,18.08,.642,942,156,113,318
172,colorado,24,54.541666666666664,.443,20.625,.372,22.291666666666668,.740,892,151,75,341
173,virginia-commonwealth,23,58.26086956521739,.438,21.869565217391305,.356,19.52173913043478,.717,787,220,106,410
174,youngstown-state,25,62.76,.422,23.16,.301,19.4,.674,998,150,66,305
175,delaware-state,22,61.13636363636363,.399,23.681818181818183,.303,20.363636363636363,.672,764,156,40,335
176,middle-tennessee,25,60.16,.422,24.32,.339,19.64,.674,898,167,79,343
177,virginia-tech,24,58.25,.431,27.458333333333332,.357,14.458333333333334,.692,835,142,66,292
178,prairie-view,23,57.56521739130435,.440,14.304347826086957,.301,22.652173913043477,.702,744,207,56,420
179,florida-atlantic,25,60.08,.425,25.08,.325,16.52,.692,924,186,51,379
180,connecticut,23,60.04347826086956,.413,21.434782608695652,.329,19.782608695652176,.721,882,158,152,367
181,east-carolina,24,56.708333333333336,.420,19.333333333333332,.284,21.791666666666668,.725,860,153,76,309
182,quinnipiac,22,55.72727272727273,.418,28.363636363636363,.362,16.5,.771,809,92,81,206
183,utah-valley,24,57.541666666666664,.430,22.208333333333332,.298,19.083333333333332,.705,870,140,134,307
184,weber-state,24,56.541666666666664,.459,21.041666666666668,.339,16.583333333333332,.698,759,134,92,301
185,hawaii,22,57.54545454545455,.439,22.5,.339,18.59090909090909,.702,756,117,52,276
186,wagner,22,59.0,.410,22.636363636363637,.321,18.363636363636363,.720,767,124,52,288
187,college-of-charleston,25,55.76,.442,22.04,.348,18.68,.773,845,155,66,295
188,pacific,27,56.629629629629626,.451,16.25925925925926,.349,19.962962962962962,.666,998,151,106,329
189,ball-state,23,58.21739130434783,.426,27.26086956521739,.335,16.652173913043477,.663,820,162,81,334
190,massachusetts,24,57.75,.431,22.708333333333332,.334,17.666666666666668,.684,775,170,73,354
191,mississippi,23,55.95652173913044,.431,19.391304347826086,.325,20.347826086956523,.718,786,168,61,324
192,canisius,23,57.08695652173913,.447,19.82608695652174,.303,17.695652173913043,.690,753,176,57,371
193,ohio,23,57.73913043478261,.447,24.52173913043478,.344,15.782608695652174,.678,821,140,60,292
194,binghamton,23,60.91304347826087,.410,29.565217391304348,.331,13.217391304347826,.714,819,112,75,224
195,missouri-kansas-city,25,56.64,.456,19.8,.372,16.6,.682,793,201,83,381
196,mercer,25,58.24,.449,20.44,.360,16.32,.730,901,170,68,331
197,campbell,24,55.666666666666664,.456,22.916666666666668,.340,14.75,.737,725,190,65,371
198,north-carolina,23,63.17391304347826,.414,18.565217391304348,.295,21.869565217391305,.648,1001,138,88,271
199,radford,23,56.08695652173913,.457,22.17391304347826,.351,18.52173913043478,.627,826,125,52,261
200,la-salle,22,58.45454545454545,.418,24.454545454545453,.344,18.59090909090909,.658,799,176,78,326
201,american,23,58.130434782608695,.453,20.869565217391305,.342,16.347826086956523,.710,748,168,79,305
202,north-dakota-state,25,56.0,.451,25.88,.348,18.36,.789,878,120,62,262
203,lipscomb,24,59.041666666666664,.439,21.916666666666668,.337,16.916666666666668,.680,849,128,60,321
204,ipfw,26,58.80769230769231,.435,25.807692307692307,.335,14.576923076923077,.675,915,186,73,347
205,purdue,24,59.916666666666664,.428,22.083333333333332,.353,15.125,.658,878,160,86,339
206,loyola-il,25,49.76,.499,15.72,.354,18.68,.668,742,197,42,400
207,chattanooga,25,57.92,.452,24.04,.361,16.08,.697,880,117,41,301
208,oklahoma-state,23,57.73913043478261,.410,20.782608695652176,.303,18.652173913043477,.723,835,163,87,331
209,davidson,22,56.18181818181818,.450,25.181818181818183,.356,16.136363636363637,.769,720,128,54,263
210,texas-pan-american,23,59.391304347826086,.432,18.217391304347824,.341,20.26086956521739,.700,752,192,90,409
211,stony-brook,25,58.8,.416,25.12,.346,19.72,.718,990,173,122,341
212,saint-josephs,23,61.73913043478261,.387,30.565217391304348,.304,18.565217391304348,.700,854,109,68,229
213,central-florida,23,57.43478260869565,.428,21.695652173913043,.319,17.73913043478261,.694,821,141,75,320
214,fresno-state,24,56.583333333333336,.420,27.0,.332,17.375,.712,882,121,86,255
215,troy,25,61.24,.404,26.32,.325,16.84,.677,929,138,72,371
216,new-mexico-state,25,54.52,.458,25.48,.352,16.88,.701,870,156,43,361
217,arkansas-little-rock,25,53.64,.470,17.8,.351,22.52,.714,896,179,89,361
218,temple,23,59.56521739130435,.411,21.130434782608695,.331,19.47826086956522,.681,869,189,64,318
219,lamar,24,59.583333333333336,.432,17.75,.326,20.166666666666668,.680,865,226,111,424
220,north-texas,25,52.84,.482,22.04,.394,16.0,.743,807,166,64,356
221,boston-university,25,59.12,.468,20.72,.328,16.4,.656,890,146,48,299
222,george-mason,23,57.65217391304348,.417,20.0,.309,19.695652173913043,.700,858,150,109,304
223,robert-morris,25,58.6,.432,23.28,.359,14.72,.655,852,160,43,383
224,army,23,57.52173913043478,.477,21.82608695652174,.325,14.130434782608695,.603,768,128,36,281
225,south-carolina,23,59.608695652173914,.438,18.91304347826087,.315,21.47826086956522,.617,856,178,102,353
226,texas-southern,23,60.47826086956522,.405,18.0,.278,23.217391304347824,.691,877,139,64,344
227,brown,19,57.73684210526316,.410,22.157894736842106,.321,20.42105263157895,.714,748,123,87,266
228,appalachian-state,25,54.72,.437,21.0,.316,21.52,.656,899,183,58,355
229,south-carolina-upstate,25,57.52,.429,20.48,.318,19.6,.694,817,152,60,348
230,portland,26,55.69230769230769,.436,19.307692307692307,.345,18.73076923076923,.665,851,146,98,338
231,liberty,26,51.61538461538461,.479,20.96153846153846,.365,15.5,.707,875,147,75,323
232,northwestern-state,22,59.81818181818182,.437,22.318181818181817,.344,18.681818181818183,.725,869,120,103,290
233,south-carolina-state,21,55.76190476190476,.434,17.333333333333332,.313,20.761904761904763,.766,736,91,34,248
234,drexel,25,56.6,.440,21.24,.350,16.92,.709,901,150,74,300
235,northern-illinois,24,58.5,.412,21.291666666666668,.342,16.583333333333332,.678,946,135,58,279
236,butler,24,53.75,.464,19.125,.342,16.916666666666668,.734,843,120,63,282
237,charleston-southern,24,58.166666666666664,.436,24.416666666666668,.329,16.25,.723,778,154,57,339
238,southern,23,58.130434782608695,.437,17.695652173913043,.329,17.91304347826087,.672,785,140,57,300
239,elon,26,57.07692307692308,.408,27.423076923076923,.356,16.23076923076923,.739,874,126,49,314
240,bucknell,25,57.8,.415,24.08,.334,16.96,.726,814,180,88,347
241,st-bonaventure,24,58.041666666666664,.434,19.541666666666668,.341,15.791666666666666,.739,883,139,85,310
242,nevada-las-vegas,25,57.48,.428,23.2,.314,20.08,.723,960,148,71,302
243,vermont,25,56.92,.441,24.32,.326,17.16,.725,926,149,83,324
244,wisconsin,24,55.458333333333336,.420,24.416666666666668,.333,14.583333333333334,.757,815,116,91,278
245,southeastern-louisiana,24,60.833333333333336,.410,21.625,.295,17.875,.655,787,191,43,423
246,iona,19,55.63157894736842,.427,25.36842105263158,.332,17.210526315789473,.740,623,145,63,268
247,north-alabama,24,55.541666666666664,.421,21.041666666666668,.331,21.25,.696,859,160,63,346
248,charlotte,23,51.34782608695652,.463,18.652173913043477,.340,20.608695652173914,.703,745,180,81,319
249,towson,25,57.0,.433,19.4,.344,19.52,.768,914,149,76,287
250,norfolk-state,24,57.708333333333336,.427,23.041666666666668,.335,19.125,.699,878,181,51,384
251,illinois-state,24,56.541666666666664,.427,22.375,.350,14.791666666666666,.687,799,133,64,331
252,texas-el-paso,25,54.12,.429,21.4,.286,19.08,.761,852,148,77,351
253,san-jose-state,24,59.625,.397,26.583333333333332,.298,20.666666666666668,.712,856,139,87,295
254,long-beach-state,24,56.666666666666664,.434,17.041666666666668,.357,18.583333333333332,.691,813,143,95,355
255,clemson,23,56.56521739130435,.417,26.347826086956523,.309,15.608695652173912,.669,787,161,56,314
256,arkansas-state,25,52.44,.444,16.76,.356,26.72,.707,813,168,73,354
257,coppin-state,25,61.08,.391,29.36,.271,18.56,.623,957,169,71,372
258,fairleigh-dickinson,22,57.45454545454545,.440,20.09090909090909,.339,16.863636363636363,.720,725,133,76,287
259,niagara,23,56.65217391304348,.425,20.91304347826087,.349,13.478260869565217,.739,628,169,57,337
260,georgia-tech,24,56.958333333333336,.451,17.25,.300,17.75,.655,863,166,116,327
261,western-michigan,23,56.08695652173913,.430,21.565217391304348,.325,22.434782608695652,.711,795,116,49,263
262,grand-canyon,23,55.30434782608695,.444,18.565217391304348,.323,19.565217391304348,.756,751,110,29,264
263,longwood,25,56.12,.403,26.96,.337,19.44,.718,861,182,51,373
264,idaho,23,55.52173913043478,.441,14.73913043478261,.330,17.47826086956522,.674,781,133,52,272
265,northwestern,22,56.77272727272727,.420,20.09090909090909,.326,15.136363636363637,.748,740,94,58,247
266,idaho-state,22,54.68181818181818,.456,19.136363636363637,.344,19.59090909090909,.643,735,102,53,253
267,howard,25,59.96,.416,22.12,.336,18.32,.694,816,150,82,356
268,holy-cross,25,57.48,.438,22.16,.336,14.2,.670,811,122,69,272
269,missouri,23,54.78260869565217,.403,23.08695652173913,.301,19.26086956521739,.774,803,167,67,346
270,montana-state,23,53.43478260869565,.439,18.130434782608695,.329,18.782608695652176,.743,812,129,50,256
271,george-washington,24,55.458333333333336,.421,23.458333333333332,.321,17.375,.724,807,127,105,260
272,detroit-mercy,25,59.16,.389,27.04,.324,18.4,.789,892,144,80,309
273,iupui,26,60.5,.411,23.53846153846154,.338,19.653846153846153,.644,941,170,71,342
274,albany-ny,24,54.875,.418,23.666666666666668,.342,20.25,.712,836,133,67,314
275,texas,23,57.08695652173913,.434,24.782608695652176,.335,11.434782608695652,.665,750,123,104,318
276,missouri-state,25,57.28,.432,19.56,.337,15.48,.744,909,150,64,297
277,tennessee,23,54.26086956521739,.425,20.17391304347826,.304,18.91304347826087,.749,812,139,135,306
278,san-diego,26,57.92307692307692,.412,20.423076923076923,.315,18.115384615384617,.652,889,151,87,353
279,loyola-marymount,24,52.083333333333336,.468,18.375,.320,16.875,.647,716,151,46,314
280,southern-mississippi,25,58.0,.444,16.84,.311,13.76,.747,869,152,63,309
281,jackson-state,23,59.391304347826086,.414,17.869565217391305,.258,18.82608695652174,.686,739,194,85,372
282,gardner-webb,23,57.30434782608695,.430,22.391304347826086,.351,20.08695652173913,.695,802,150,97,302
283,hartford,25,55.92,.416,22.16,.329,17.4,.697,847,187,62,341
284,north-carolina-central,23,55.30434782608695,.456,18.782608695652176,.306,17.608695652173914,.657,763,206,65,417
285,illinois-chicago,26,55.92307692307692,.439,22.03846153846154,.340,16.0,.688,929,146,112,319
286,kansas-state,23,54.82608695652174,.415,22.217391304347824,.325,18.869565217391305,.659,774,196,60,378
287,boston-college,24,57.166666666666664,.405,22.5,.300,18.041666666666668,.658,802,197,70,370
288,pittsburgh,24,56.5,.414,18.0,.303,19.916666666666668,.726,839,184,86,375
289,eastern-michigan,23,52.95652173913044,.420,19.91304347826087,.284,23.26086956521739,.621,806,248,80,401
290,columbia,22,59.86363636363637,.417,22.954545454545453,.321,13.590909090909092,.709,771,119,76,252
291,alabama-am,21,59.714285714285715,.382,19.904761904761905,.278,17.238095238095237,.704,716,127,43,260
292,monmouth,23,59.21739130434783,.403,21.347826086956523,.346,20.130434782608695,.739,782,185,62,368
293,jacksonville,26,56.5,.421,20.884615384615383,.315,18.23076923076923,.675,998,130,69,281
294,chicago-state,25,51.04,.412,17.64,.327,20.72,.720,744,134,67,307
295,saint-peters,22,55.09090909090909,.403,18.272727272727273,.348,21.681818181818183,.717,830,172,95,337
296,incarnate-word,23,57.21739130434783,.413,19.956521739130434,.285,18.304347826086957,.720,764,166,54,338
297,lehigh,24,57.416666666666664,.440,16.791666666666668,.333,14.958333333333334,.747,816,132,59,293
298,stetson,25,51.4,.440,17.36,.334,19.0,.648,868,154,63,289
299,california,23,52.52173913043478,.427,14.565217391304348,.343,17.782608695652176,.719,752,92,56,272
300,high-point,24,55.041666666666664,.397,20.5,.315,22.125,.712,834,120,87,293
301,south-florida,23,53.130434782608695,.411,20.608695652173914,.314,20.130434782608695,.633,779,184,51,366
302,montana,24,58.083333333333336,.463,16.0,.357,15.833333333333334,.732,769,148,84,341
303,cornell,19,57.421052631578945,.432,23.94736842105263,.305,15.210526315789474,.696,648,131,52,236
304,dartmouth,21,55.23809523809524,.434,21.857142857142858,.322,14.19047619047619,.654,730,100,51,260
305,presbyterian,25,53.68,.445,19.52,.318,17.88,.711,853,152,49,300
306,oakland,25,54.28,.421,20.2,.295,20.24,.694,894,150,73,308
307,southern-illinois,25,50.92,.433,20.92,.342,16.88,.730,766,160,46,336
308,cal-state-fullerton,25,55.0,.429,18.84,.331,20.04,.681,824,141,75,333
309,southeast-missouri-state,25,55.4,.419,18.12,.325,19.6,.669,821,135,53,323
310,denver,25,54.84,.443,15.72,.331,21.2,.679,819,147,52,323
311,cleveland-state,25,53.44,.414,12.36,.288,22.76,.682,859,200,67,368
312,alabama-birmingham,25,53.84,.449,16.28,.319,17.56,.690,923,139,73,299
313,cal-poly,23,55.34782608695652,.423,18.47826086956522,.346,19.304347826086957,.682,738,150,60,311
314,njit,23,57.65217391304348,.408,19.217391304347824,.310,17.0,.680,771,130,63,284
315,mount-st-marys,24,56.5,.398,22.208333333333332,.302,18.833333333333332,.692,871,123,79,291
316,texas-am-corpus-christi,24,52.041666666666664,.428,20.625,.362,17.25,.698,827,137,74,305
317,tennessee-tech,25,58.88,.412,24.4,.330,12.2,.675,879,161,80,344
318,old-dominion,25,59.64,.403,19.36,.281,16.44,.696,982,176,81,320
319,north-carolina-at,25,60.6,.416,19.44,.298,24.12,.619,981,210,91,406
320,merrimack,25,54.64,.420,23.16,.323,14.12,.688,727,256,70,441
321,fairfield,23,52.73913043478261,.403,15.478260869565217,.317,17.434782608695652,.703,788,120,66,282
322,mississippi-valley-state,22,68.27272727272727,.362,27.59090909090909,.282,14.272727272727273,.656,776,148,63,301
323,sacramento-state,22,54.77272727272727,.400,15.363636363636363,.296,16.772727272727273,.724,785,145,84,306
324,navy,23,53.78260869565217,.417,21.91304347826087,.310,17.782608695652176,.694,822,125,33,274
325,manhattan,21,56.333333333333336,.398,23.904761904761905,.319,18.952380952380953,.626,745,156,78,331
326,central-connecticut-state,25,56.92,.391,18.16,.341,16.56,.657,780,169,81,336
327,fordham,22,54.22727272727273,.383,22.727272727272727,.328,14.545454545454545,.616,725,163,62,319
328,florida-gulf-coast,26,55.53846153846154,.404,23.0,.303,13.461538461538462,.691,888,159,103,361
329,wyoming,25,51.12,.408,23.4,.299,16.0,.715,735,125,51,308
330,florida-am,21,58.476190476190474,.414,13.238095238095237,.288,20.761904761904763,.644,722,154,38,323
331,maine,24,53.583333333333336,.411,23.291666666666668,.286,15.0,.700,798,158,81,288
332,alabama-state,23,55.391304347826086,.395,21.52173913043478,.319,18.0,.630,728,130,40,313
333,texas-am,22,52.86363636363637,.383,21.40909090909091,.257,21.454545454545453,.678,784,141,73,321
334,marist,21,55.61904761904762,.388,21.238095238095237,.336,16.61904761904762,.628,723,147,62,297
335,kennesaw-state,23,55.52173913043478,.352,16.08695652173913,.249,18.695652173913043,.702,768,118,41,288
336,virginia,22,51.04545454545455,.407,19.272727272727273,.288,13.772727272727273,.703,764,122,97,272
337,maryland-eastern-shore,23,56.869565217391305,.357,22.782608695652176,.242,14.173913043478262,.620,752,172,78,342
338,arkansas-pine-bluff,22,48.54545454545455,.397,13.545454545454545,.289,16.954545454545453,.598,672,165,73,316
